<?xml version="1.0" encoding="UTF-8"?>
<project-private xmlns="http://www.netbeans.org/ns/project-private/1">
    <editor-bookmarks xmlns="http://www.netbeans.org/ns/editor-bookmarks/2" lastBookmarkId="0"/>
    <open-files xmlns="http://www.netbeans.org/ns/projectui-open-files/2">
        <group>
            <file>file:/home/camilotr/Documentos/GitHub/labs_Java/Laboratorio%205/Lab4/src/controlador/ControlReservaGUI.java</file>
            <file>file:/home/camilotr/Documentos/GitHub/labs_Java/Laboratorio%205/Lab4/src/modelo/ReservaDAO.java</file>
            <file>file:/home/camilotr/Documentos/GitHub/labs_Java/Laboratorio%205/Lab4/src/vista/VistaReservaGUI.java</file>
        </group>
    </open-files>
</project-private>
